config_id,config_name,trial_idx,length,runtime,gap_pct
1,100% Hilbert,2,268818.138309594,6.242235898971558,6.8074240725017
2,100% Random,2,266953.47515189287,6.23512864112854,6.066551935341136
1,100% Hilbert,3,268421.5072094281,6.314046621322632,6.649833716500608
2,100% Random,3,266711.5734044631,6.716483116149902,5.9704389919062795
1,100% Hilbert,4,269298.01463697816,6.724624156951904,6.9980896084048005
2,100% Random,4,267050.18493182416,6.729614019393921,6.104976881447932
1,100% Hilbert,5,268709.27820708865,6.688321352005005,6.7641715330488905
2,100% Random,5,267147.1689159411,6.669317722320557,6.143510774975192
1,100% Hilbert,6,267564.7757660018,6.170198440551758,6.309435262848284
2,100% Random,6,265902.5406333562,6.7499096393585205,5.648992281444176
1,100% Hilbert,7,268912.3025894449,6.165621757507324,6.844837634822154
2,100% Random,7,265961.87616198126,6.725651025772095,5.67256760641397
1,100% Hilbert,8,268062.1983011965,6.2561936378479,6.507072297290395
2,100% Random,8,265908.9192486284,6.25620436668396,5.651526647133398
1,100% Hilbert,9,268507.0748923223,6.696161508560181,6.683831659687223
2,100% Random,9,266616.9610804131,6.68818473815918,5.932847411662334
1,100% Hilbert,10,267976.8496466497,6.758009910583496,6.473161378936743
2,100% Random,10,266994.0163903146,6.753248691558838,6.082659870883589
1,100% Hilbert,11,268920.0860069359,6.21672797203064,6.847930159671578
2,100% Random,11,267126.0352787321,6.778883934020996,6.135113910962331
1,100% Hilbert,12,268833.1660141944,6.165879726409912,6.813394913711224
2,100% Random,12,266847.1101629681,6.1728668212890625,6.024290759997841
1,100% Hilbert,13,268540.80749641196,6.725491285324097,6.697234373405614
2,100% Random,13,267123.9693262707,6.718872785568237,6.134293062108731
1,100% Hilbert,14,268735.3711647119,6.304821491241455,6.774538845342981
2,100% Random,14,266759.9461769314,6.306813478469849,5.989658570075629
1,100% Hilbert,15,268525.0326554434,6.221263408660889,6.69096667830289
2,100% Random,15,266701.983752935,6.214759111404419,5.966628810108632
1,100% Hilbert,16,269053.66662829963,6.199533462524414,6.901004710978187
2,100% Random,16,267126.45444683114,6.172536373138428,6.135280455769143
1,100% Hilbert,17,268636.3885030816,6.177034139633179,6.735210832794958
2,100% Random,17,266520.58411022474,6.152934789657593,5.894554698267096
1,100% Hilbert,18,269460.6518837985,6.171940326690674,7.062709003138945
2,100% Random,18,266817.289626443,6.6733434200286865,6.0124423977157
1,100% Hilbert,19,269421.83128769055,4.742321729660034,7.047284717049762
2,100% Random,19,265944.25831179536,5.95421290397644,5.665567642766112
1,100% Hilbert,20,268524.511940664,5.948238849639893,6.690759786741851
2,100% Random,20,266477.23668373446,6.044107437133789,5.8773318018036536
1,100% Hilbert,21,268786.3804316074,4.875446081161499,6.794805961376138
2,100% Random,21,266223.67634902673,5.491252660751343,5.776586642390713
1,100% Hilbert,22,267830.5381948669,5.920377969741821,6.41502858560854
2,100% Random,22,266530.24576904514,6.068233489990234,5.898393490163212
1,100% Hilbert,23,268996.831684349,5.92535924911499,6.87842292390517
2,100% Random,23,267042.9492086422,5.4493727684021,6.102101967726603
1,100% Hilbert,24,269040.238077185,5.722225189208984,6.8956692490089955
2,100% Random,24,265944.01075393695,5.509973526000977,5.665469282524005
1,100% Hilbert,25,268701.67472446617,5.690849304199219,6.761150500323976
2,100% Random,25,267061.0843522423,5.528022527694702,6.109307463551006
1,100% Hilbert,26,268553.3122770633,6.129556655883789,6.702202800827806
2,100% Random,26,266771.8144689107,4.494274854660034,5.994374106394806
1,100% Hilbert,27,268512.6084079497,5.2609992027282715,6.686030248495034
2,100% Random,27,265986.45288295706,5.135063886642456,5.682332484171404
1,100% Hilbert,28,268642.31146550644,5.105916976928711,6.737564157475573
2,100% Random,28,266859.70918433956,4.983348608016968,6.029296631353787
1,100% Hilbert,29,267715.85051166883,6.024129152297974,6.369460618758316
2,100% Random,29,267092.96428691904,6.546006679534912,6.121974070513758
1,100% Hilbert,30,268311.4711969868,5.17304253578186,6.606113961881466
2,100% Random,30,266103.04034415714,5.123883008956909,5.728655275067274
1,100% Hilbert,31,268161.14121581457,5.116937637329102,6.546384517466586
2,100% Random,31,267705.9590962806,5.143778324127197,6.365530539468689
1,100% Hilbert,32,268620.9777567815,5.034861326217651,6.7290878006004196
2,100% Random,32,266954.20364954683,5.184021472930908,6.066841383658694
1,100% Hilbert,33,269021.1044118195,5.142539739608765,6.8880670182830395
2,100% Random,33,266263.25151070306,5.1227405071258545,5.7923107341595115
1,100% Hilbert,34,268606.98600542045,5.099179267883301,6.723528566649417
2,100% Random,34,265605.4832254201,5.169684410095215,5.530964767591051
1,100% Hilbert,35,268576.6760081273,5.052067041397095,6.711485730719957
2,100% Random,35,267803.1117204599,5.087153196334839,6.404131437442762
1,100% Hilbert,36,268965.7555064973,4.950003385543823,6.866075667402205
2,100% Random,36,267412.97442798386,5.453732967376709,6.249121215639963
1,100% Hilbert,37,268083.7445289842,5.571351051330566,6.5156330927149675
2,100% Random,37,266320.4401900892,5.392749547958374,5.815033068187114
1,100% Hilbert,38,268760.7926728953,5.531968116760254,6.784639375843571
2,100% Random,38,267150.4477515338,5.4378979206085205,6.144813529267812
1,100% Hilbert,39,268078.0186593083,5.578693866729736,6.513358077366305
2,100% Random,39,266487.7934724955,5.378472328186035,5.881526248730262
1,100% Hilbert,40,269686.640024689,5.454258918762207,7.152499116824096
2,100% Random,40,266848.567633516,5.316182613372803,6.02486984545636
1,100% Hilbert,41,268413.4355865582,5.46718692779541,6.646626681245316
2,100% Random,41,266353.6556543118,5.2761921882629395,5.828230310736648
1,100% Hilbert,42,266698.01993566315,5.5282416343688965,5.965053897362904
2,100% Random,42,266825.5383557435,5.342045307159424,6.015719801294184
1,100% Hilbert,43,268795.7407955857,5.513986110687256,6.798525042131565
2,100% Random,43,266564.07811619795,5.323951959609985,5.911835834018597
1,100% Hilbert,44,267990.2483144095,5.5291361808776855,6.4784849675845635
2,100% Random,44,266511.1056472507,5.352590799331665,5.89078869415447
1,100% Hilbert,45,269043.0858455403,5.628914833068848,6.8968007307025125
2,100% Random,45,267424.24314122123,5.362115383148193,6.253598525992099
1,100% Hilbert,46,267880.13123283733,5.823476791381836,6.434733002396986
2,100% Random,46,266428.4262590556,5.9207634925842285,5.857938334678958
1,100% Hilbert,47,268840.01320192235,5.978848695755005,6.8161154536568125
2,100% Random,47,265883.20803578047,5.668797731399536,5.641311010527428
1,100% Hilbert,48,268196.25565197796,5.910599231719971,6.560336263795752
2,100% Random,48,267081.08382586,5.657893896102905,6.117253699148595
1,100% Hilbert,49,268652.2254395834,5.864889144897461,6.741503199833887
2,100% Random,49,265351.0498462794,6.072397470474243,5.429872728210916
1,100% Hilbert,50,268015.29754651757,5.865480899810791,6.488437584522089
2,100% Random,50,266274.0986087384,6.011418581008911,5.796620527416407
3,100% Greedy NN,2,266373.01455842715,6.404152870178223,5.835922033826568
4,50% Hilbert + 50% Random,2,267345.0429715065,5.247800588607788,6.222130537386383
3,100% Greedy NN,3,265775.2868651381,5.5929272174835205,5.598431529582859
4,50% Hilbert + 50% Random,3,266568.6200787558,5.349509000778198,5.913640456742653
3,100% Greedy NN,4,266302.7028206389,5.0990376472473145,5.807985616877742
4,50% Hilbert + 50% Random,4,266553.3566901218,5.265433311462402,5.907575973025669
3,100% Greedy NN,5,266314.6855298327,5.083162546157837,5.812746613700548
4,50% Hilbert + 50% Random,5,267057.38988305256,5.314007997512817,6.107839568787843
3,100% Greedy NN,6,266049.1925959849,5.662111759185791,5.707260367303424
4,50% Hilbert + 50% Random,6,267469.89144065225,5.398589372634888,6.271735610439522
3,100% Greedy NN,7,264786.8024708232,5.58836555480957,5.205684698745694
4,50% Hilbert + 50% Random,7,266764.99319335225,5.319267749786377,5.991663861930396
3,100% Greedy NN,8,266549.04475510493,5.590298414230347,5.9058627453587365
4,50% Hilbert + 50% Random,8,268345.2949371375,5.359298944473267,6.619552885983526
3,100% Greedy NN,9,266274.0750722642,5.551705360412598,5.796611175851818
4,50% Hilbert + 50% Random,9,266909.58617277106,5.468416213989258,6.049113867974643
3,100% Greedy NN,10,265452.950720257,5.617334842681885,5.470360211416958
4,50% Hilbert + 50% Random,10,267220.5375385605,5.433172702789307,6.172661760243536
3,100% Greedy NN,11,266352.6741736897,5.618821859359741,5.82784034666024
4,50% Hilbert + 50% Random,11,265612.26172025444,5.334728002548218,5.53365801432244
3,100% Greedy NN,12,265857.96095880977,5.704935789108276,5.63127978542648
4,50% Hilbert + 50% Random,12,266849.6463654081,5.472472190856934,6.025298449624916
3,100% Greedy NN,13,266700.76677282713,5.480029821395874,5.96614527684971
4,50% Hilbert + 50% Random,13,267163.43782173767,5.448162317276001,6.149974773020639
3,100% Greedy NN,14,265863.70006254513,5.636217832565308,5.633560058961273
4,50% Hilbert + 50% Random,14,267073.95408384,5.383929967880249,6.114420894099637
3,100% Greedy NN,15,265916.4574329248,5.614490985870361,5.654521735381346
4,50% Hilbert + 50% Random,15,266280.7402702506,5.291772365570068,5.799259407226165
3,100% Greedy NN,16,266084.67123431107,5.157704591751099,5.721356819250634
4,50% Hilbert + 50% Random,16,267869.1326139957,4.76665472984314,6.430363006554374
3,100% Greedy NN,17,266395.7341851196,5.195292234420776,5.844949046728942
4,50% Hilbert + 50% Random,17,266373.2934932987,5.197523355484009,5.836032860853724
3,100% Greedy NN,18,265940.2157490755,5.0843589305877686,5.663961442702847
4,50% Hilbert + 50% Random,18,266704.5110349007,4.948099374771118,5.967632955432878
3,100% Greedy NN,19,266045.17217876087,5.642991781234741,5.705662966138103
4,50% Hilbert + 50% Random,19,267881.1595983419,5.947033882141113,6.4351415948797674
3,100% Greedy NN,20,266072.83978928294,5.5876288414001465,5.7166559230445335
4,50% Hilbert + 50% Random,20,267093.1546385209,5.893467426300049,6.122049701438037
3,100% Greedy NN,21,265952.30715289136,7.630596399307251,5.668765626316019
4,50% Hilbert + 50% Random,21,267260.59992177854,8.079652070999146,6.188579435965247
3,100% Greedy NN,22,265788.2943311735,5.105353116989136,5.603599685086391
4,50% Hilbert + 50% Random,22,268572.3977111683,5.0326642990112305,6.709785868201434
3,100% Greedy NN,23,265566.8259931774,5.588068723678589,5.515605389598255
4,50% Hilbert + 50% Random,23,266957.56599838135,5.967149496078491,6.06817731961935
3,100% Greedy NN,24,265275.3938758443,5.4133782386779785,5.3998129287915475
4,50% Hilbert + 50% Random,24,267674.7134377726,5.471153974533081,6.353115944532206
3,100% Greedy NN,25,266026.75544990203,4.851947069168091,5.698345590228793
4,50% Hilbert + 50% Random,25,267116.58243566647,5.561628818511963,6.131358086209038
3,100% Greedy NN,26,266714.55941153504,5.211561918258667,5.971625398915936
4,50% Hilbert + 50% Random,26,267702.82020123437,5.11678671836853,6.364283386667036
3,100% Greedy NN,27,266290.9760571581,5.084638357162476,5.8033263129781965
4,50% Hilbert + 50% Random,27,266967.5953180725,5.062187194824219,6.072162191355113
3,100% Greedy NN,28,266208.7932617375,5.004331350326538,5.770673260854764
4,50% Hilbert + 50% Random,28,267962.2680750375,5.537248849868774,6.467367796284096
3,100% Greedy NN,29,266657.9725111383,5.969803333282471,5.9491421650626375
4,50% Hilbert + 50% Random,29,267458.0203600322,6.103156328201294,6.267018966131377
3,100% Greedy NN,30,264591.97665825277,5.929879665374756,5.128276071060323
4,50% Hilbert + 50% Random,30,267323.1718490549,5.375793933868408,6.2134406540871545
3,100% Greedy NN,31,266917.69471823506,6.277844429016113,6.052335573397616
4,50% Hilbert + 50% Random,31,267355.8350996852,5.043704032897949,6.226418489896868
3,100% Greedy NN,32,266225.7180981948,5.319593191146851,5.777397874737655
4,50% Hilbert + 50% Random,32,267265.91124351334,5.325669527053833,6.190689742198607
3,100% Greedy NN,33,265935.2186915071,5.585055828094482,5.661976000611113
4,50% Hilbert + 50% Random,33,267352.11953005125,5.83720850944519,6.2249422114579955
3,100% Greedy NN,34,265932.3007241875,5.624958276748657,5.660816627308063
4,50% Hilbert + 50% Random,34,266409.2353307412,5.429269075393677,5.850313352110037
3,100% Greedy NN,35,266606.3791819218,5.60224175453186,5.928642988081534
4,50% Hilbert + 50% Random,35,267044.43036761764,5.277117729187012,6.10269046512415
3,100% Greedy NN,36,265960.47929385223,5.1019287109375,5.672012599644072
4,50% Hilbert + 50% Random,36,267212.76570163894,5.244908809661865,6.169573836611897
3,100% Greedy NN,37,265641.86138416105,5.2840845584869385,5.545418619001707
4,50% Hilbert + 50% Random,37,267002.10936170584,5.391854286193848,6.085875388381123
3,100% Greedy NN,38,265820.59942197404,5.597012281417847,5.616435216031324
4,50% Hilbert + 50% Random,38,267825.7989487817,5.276871681213379,6.413145577752011
3,100% Greedy NN,39,265558.2329963992,5.536101341247559,5.512191200895389
4,50% Hilbert + 50% Random,39,267040.9349568136,4.783421516418457,6.1013016606840775
3,100% Greedy NN,40,265917.8392704205,5.626178026199341,5.655070770146353
4,50% Hilbert + 50% Random,40,266244.8112965316,5.280610799789429,5.78498402701324
3,100% Greedy NN,41,266245.3461344292,5.252622842788696,5.7851965300032
4,50% Hilbert + 50% Random,41,266887.8154257203,5.099789142608643,6.040463866054213
3,100% Greedy NN,42,265580.3430211871,5.046247720718384,5.520976005405331
4,50% Hilbert + 50% Random,42,266438.1964009764,5.027693033218384,5.8618202293232
3,100% Greedy NN,43,265877.5213559757,4.928006887435913,5.639051566186004
4,50% Hilbert + 50% Random,43,266960.7611654635,6.082463502883911,6.069446830552172
3,100% Greedy NN,44,266405.2336963121,5.895646095275879,5.84872341376681
4,50% Hilbert + 50% Random,44,267384.9425115669,5.4220874309539795,6.2379835119004134
3,100% Greedy NN,45,266245.2692123634,5.790964841842651,5.785165967155925
4,50% Hilbert + 50% Random,45,266337.80957593245,5.457869529724121,5.821934311426502
3,100% Greedy NN,46,265674.58630257484,5.778858423233032,5.558420956793131
4,50% Hilbert + 50% Random,46,267385.43031399057,5.374726295471191,6.238177326650618
3,100% Greedy NN,47,266436.20864152565,5.831018447875977,5.861030448291515
4,50% Hilbert + 50% Random,47,266340.807098457,5.973210573196411,5.8231252937815725
3,100% Greedy NN,48,266361.2019608092,6.2735066413879395,5.831228626115625
4,50% Hilbert + 50% Random,48,266550.5661569758,5.284564971923828,5.906467232153534
3,100% Greedy NN,49,266566.74712172605,5.262547016143799,5.912896289265701
4,50% Hilbert + 50% Random,49,266578.60122494574,5.371084928512573,5.917606188075175
3,100% Greedy NN,50,266637.67327028187,5.6122987270355225,5.941076825275182
4,50% Hilbert + 50% Random,50,268055.55821001844,5.461739540100098,6.504434041409324
5,50% Hilbert + 50% Greedy NN,2,266997.17526842875,5.432286262512207,6.083914963402459
6,50% Random + 50% Greedy NN,2,266790.30443416873,4.852025270462036,6.0017205807541
5,50% Hilbert + 50% Greedy NN,3,266108.81068348174,6.117035388946533,5.730947959196264
6,50% Random + 50% Greedy NN,3,266241.10069965175,5.566627025604248,5.78350972436017
5,50% Hilbert + 50% Greedy NN,4,266091.29559667315,5.51932954788208,5.723988825723358
6,50% Random + 50% Greedy NN,4,266445.5773030283,6.035568475723267,5.864752825837916
5,50% Hilbert + 50% Greedy NN,5,267090.08679384517,5.093806505203247,6.120830778528541
6,50% Random + 50% Greedy NN,5,266402.9091232768,4.993915557861328,5.847799809208243
5,50% Hilbert + 50% Greedy NN,6,266204.2721060907,5.962954759597778,5.76887690517911
6,50% Random + 50% Greedy NN,6,266662.3641129297,5.954071760177612,5.95088704611062
5,50% Hilbert + 50% Greedy NN,7,266915.1198356551,5.441697597503662,6.051312515290808
6,50% Random + 50% Greedy NN,7,267107.9765329644,5.942681789398193,6.127938769695618
5,50% Hilbert + 50% Greedy NN,8,266033.06449453055,5.420007705688477,5.70085231395423
6,50% Random + 50% Greedy NN,8,265774.1455623664,5.664614200592041,5.597978064612463
5,50% Hilbert + 50% Greedy NN,9,266083.64764364646,5.385712623596191,5.720950123917956
6,50% Random + 50% Greedy NN,9,266942.90343971614,5.098673105239868,6.062351559009627
5,50% Hilbert + 50% Greedy NN,10,266750.21090538776,4.71285343170166,5.985790530207646
6,50% Random + 50% Greedy NN,10,265760.7391657881,5.125689744949341,5.592651405133209
5,50% Hilbert + 50% Greedy NN,11,265743.2035917466,5.029754638671875,5.5856841316271
6,50% Random + 50% Greedy NN,11,266873.5655484897,5.25249457359314,6.034802072955281
5,50% Hilbert + 50% Greedy NN,12,266921.82834708324,5.257991075515747,6.053977956058709
6,50% Random + 50% Greedy NN,12,266341.9856054705,5.127940893173218,5.823593540824534
5,50% Hilbert + 50% Greedy NN,13,266976.9035858706,5.014558792114258,6.075860573139691
6,50% Random + 50% Greedy NN,13,266831.05152690003,5.983320236206055,6.01791030679133
5,50% Hilbert + 50% Greedy NN,14,266935.1044067743,6.174452781677246,6.059252829794359
6,50% Random + 50% Greedy NN,14,266595.48438033223,5.20194411277771,5.92431424114177
5,50% Hilbert + 50% Greedy NN,15,267793.399661248,5.1806042194366455,6.400272620350367
6,50% Random + 50% Greedy NN,15,266057.5885116651,5.120972394943237,5.710596251303568
5,50% Hilbert + 50% Greedy NN,16,266897.76506553305,5.027798652648926,6.0444170792024465
6,50% Random + 50% Greedy NN,16,267108.1650322324,6.091054439544678,6.128013664646459
5,50% Hilbert + 50% Greedy NN,17,266847.5683154943,6.399365186691284,6.0244727941844545
6,50% Random + 50% Greedy NN,17,266940.6312310186,4.476201772689819,6.061448759966881
5,50% Hilbert + 50% Greedy NN,18,267521.63661393896,5.254148721694946,6.292295118446289
6,50% Random + 50% Greedy NN,18,266780.019224632,5.260315656661987,5.997634038292432
5,50% Hilbert + 50% Greedy NN,19,266802.098958363,5.110365390777588,6.006406807491893
6,50% Random + 50% Greedy NN,19,265907.207165725,5.083798408508301,5.650846398524201
5,50% Hilbert + 50% Greedy NN,20,265874.12946944433,5.069137334823608,5.637703894241541
6,50% Random + 50% Greedy NN,20,266318.89553709445,5.046213865280151,5.814419343203747
5,50% Hilbert + 50% Greedy NN,21,266667.7945856116,5.030559778213501,5.953044693664844
6,50% Random + 50% Greedy NN,21,266784.0432315624,5.530697822570801,5.9992328657279215
5,50% Hilbert + 50% Greedy NN,22,266373.82466607273,6.018894195556641,5.8362439076085515
6,50% Random + 50% Greedy NN,22,266152.92520388134,5.469060659408569,5.74847563912777
5,50% Hilbert + 50% Greedy NN,23,267134.1769473153,5.397146224975586,6.13834877693713
6,50% Random + 50% Greedy NN,23,267280.1204507649,5.370763063430786,6.196335376210471
5,50% Hilbert + 50% Greedy NN,24,267121.0472917922,5.540110111236572,6.133132072832992
6,50% Random + 50% Greedy NN,24,266662.49437962903,5.425886392593384,5.950938803967021
5,50% Hilbert + 50% Greedy NN,25,265743.5006951074,5.481308698654175,5.585802177399035
6,50% Random + 50% Greedy NN,25,266240.40959705,5.402122497558594,5.783235133928399
5,50% Hilbert + 50% Greedy NN,26,266530.12670103414,6.0350422859191895,5.8983461817947225
6,50% Random + 50% Greedy NN,26,266193.1269317301,6.068275213241577,5.764448679569867
5,50% Hilbert + 50% Greedy NN,27,267115.1153971858,5.904807090759277,6.130775199198046
6,50% Random + 50% Greedy NN,27,266497.78756509954,5.522097587585449,5.885497123960959
5,50% Hilbert + 50% Greedy NN,28,266632.41419976903,5.684739112854004,5.938987279614216
6,50% Random + 50% Greedy NN,28,266961.0064024746,4.852985620498657,6.069544268670035
5,50% Hilbert + 50% Greedy NN,29,266580.62838793994,5.822199821472168,5.918411625010878
6,50% Random + 50% Greedy NN,29,266124.81539781287,5.365416765213013,5.7373069880976235
5,50% Hilbert + 50% Greedy NN,30,267244.2764583963,5.521068572998047,6.182093760977825
6,50% Random + 50% Greedy NN,30,267436.4879206377,4.7718164920806885,6.258463649142021
5,50% Hilbert + 50% Greedy NN,31,266531.67620175146,5.2926926612854,5.898961832886052
6,50% Random + 50% Greedy NN,31,266704.46989802807,5.2137451171875,5.967616610838622
5,50% Hilbert + 50% Greedy NN,32,267200.62904302636,5.159269332885742,6.164751672261648
6,50% Random + 50% Greedy NN,32,266515.5809797444,5.015160799026489,5.892566843272395
5,50% Hilbert + 50% Greedy NN,33,265595.96612871485,4.9601075649261475,5.527183413437897
6,50% Random + 50% Greedy NN,33,265829.6060072293,5.51774263381958,5.6200137326331
5,50% Hilbert + 50% Greedy NN,34,266643.838295791,5.939043045043945,5.9435263270019245
6,50% Random + 50% Greedy NN,34,266307.1235421866,5.875509023666382,5.80974206785243
5,50% Hilbert + 50% Greedy NN,35,266721.3794775723,6.158013582229614,5.974335162810673
6,50% Random + 50% Greedy NN,35,266352.06467255973,5.380235433578491,5.827598178307802
5,50% Hilbert + 50% Greedy NN,36,266211.8867090715,5.867205381393433,5.771902356269698
6,50% Random + 50% Greedy NN,36,266706.86248474836,5.920396327972412,5.968567238746658
5,50% Hilbert + 50% Greedy NN,37,266686.4375794288,5.4414238929748535,5.960451969673564
6,50% Random + 50% Greedy NN,37,266444.38532513194,5.337075233459473,5.864279226513602
5,50% Hilbert + 50% Greedy NN,38,266154.6267280933,5.199024200439453,5.749151692534049
6,50% Random + 50% Greedy NN,38,266006.27901728527,5.1652305126190186,5.690209848214711
5,50% Hilbert + 50% Greedy NN,39,266706.1939855579,5.069632053375244,5.968301629152828
6,50% Random + 50% Greedy NN,39,265952.27186909574,5.046634912490845,5.668751607279421
5,50% Hilbert + 50% Greedy NN,40,266836.52448427415,4.989313840866089,6.020084834458483
6,50% Random + 50% Greedy NN,40,267072.4958043948,6.039692401885986,6.113841487248228
5,50% Hilbert + 50% Greedy NN,41,267121.3099676146,5.90622878074646,6.133236439778389
6,50% Random + 50% Greedy NN,41,266632.41637759877,5.644828796386719,5.938988144914403
5,50% Hilbert + 50% Greedy NN,42,266547.50677390315,5.956859350204468,5.9052516712271075
6,50% Random + 50% Greedy NN,42,266375.8149052496,6.227282285690308,5.837034673890562
5,50% Hilbert + 50% Greedy NN,43,265349.9184043866,5.9249491691589355,5.429423181186999
6,50% Random + 50% Greedy NN,43,265233.17403364193,6.0741658210754395,5.383038046639843
5,50% Hilbert + 50% Greedy NN,44,266714.204146018,6.232327938079834,5.971484244025982
6,50% Random + 50% Greedy NN,44,265831.1401312791,4.729187250137329,5.620623274232495
5,50% Hilbert + 50% Greedy NN,45,266927.5844068101,5.995434045791626,6.056264966585978
6,50% Random + 50% Greedy NN,45,265745.1883147869,5.458851099014282,5.586472706225365
5,50% Hilbert + 50% Greedy NN,46,266517.55236593314,5.476519823074341,5.893350118842999
6,50% Random + 50% Greedy NN,46,266766.75404425035,6.02363657951355,5.992363487148333
5,50% Hilbert + 50% Greedy NN,47,267189.29935052,6.421327829360962,6.160250133489931
6,50% Random + 50% Greedy NN,47,266000.58344261046,5.242702484130859,5.687946869743632
5,50% Hilbert + 50% Greedy NN,48,266321.49690983206,5.066411018371582,5.815452926439257
6,50% Random + 50% Greedy NN,48,266306.756525665,5.050313949584961,5.809596244027038
5,50% Hilbert + 50% Greedy NN,49,266417.76192795846,5.09660267829895,5.853701158790803
6,50% Random + 50% Greedy NN,49,266725.3138328893,5.15337610244751,5.975898369666588
5,50% Hilbert + 50% Greedy NN,50,266353.7283084623,5.057132005691528,5.82825917784624
6,50% Random + 50% Greedy NN,50,266469.5212663167,5.031922101974487,5.874266294895469
7,75% Hilbert + 25% Greedy NN,2,268133.1578063426,4.958060264587402,6.5352660866149215
8,"Balanced Mix (4H, 4R, 4G)",2,265690.4838186302,5.735422134399414,5.56473739343577
7,75% Hilbert + 25% Greedy NN,3,266744.92195294274,5.984746932983398,5.983689111790547
8,"Balanced Mix (4H, 4R, 4G)",3,267187.1227429384,5.966825485229492,6.159385318896438
7,75% Hilbert + 25% Greedy NN,4,266416.19604433747,5.980198621749878,5.853078998407546
8,"Balanced Mix (4H, 4R, 4G)",4,266898.79120313254,6.219457626342773,6.044824786489
7,75% Hilbert + 25% Greedy NN,5,265992.82187762466,6.455217123031616,5.684863027380493
8,"Balanced Mix (4H, 4R, 4G)",5,266286.96072497044,4.7706618309021,5.801730932210902
7,75% Hilbert + 25% Greedy NN,6,266317.20530083374,5.742309331893921,5.813747774751521
8,"Balanced Mix (4H, 4R, 4G)",6,266486.0770311976,5.432724952697754,5.8808442684340045
7,75% Hilbert + 25% Greedy NN,7,267596.31294154853,5.224082946777344,6.321965683986708
8,"Balanced Mix (4H, 4R, 4G)",7,267419.19389523176,5.190520524978638,6.251592348280166
7,75% Hilbert + 25% Greedy NN,8,266225.81992905453,5.140360116958618,5.777438334402651
8,"Balanced Mix (4H, 4R, 4G)",8,266611.6405468071,5.158706903457642,5.930733445347691
7,75% Hilbert + 25% Greedy NN,9,267225.93197708833,5.1032874584198,6.174805090627045
8,"Balanced Mix (4H, 4R, 4G)",9,266374.86581058824,5.297271966934204,5.836657577476556
7,75% Hilbert + 25% Greedy NN,10,267050.3517460021,5.198760271072388,6.105043160430279
8,"Balanced Mix (4H, 4R, 4G)",10,266878.93782290246,5.1745030879974365,6.036936597043008
7,75% Hilbert + 25% Greedy NN,11,267118.83817969344,5.098290681838989,6.132254343472043
8,"Balanced Mix (4H, 4R, 4G)",11,267195.0683569696,5.013778448104858,6.162542288038053
7,75% Hilbert + 25% Greedy NN,12,266836.163824169,5.94950532913208,6.019941536178708
8,"Balanced Mix (4H, 4R, 4G)",12,266800.4492927996,6.039524793624878,6.005751358679845
7,75% Hilbert + 25% Greedy NN,13,266571.5680726141,4.904532432556152,5.914811760257255
8,"Balanced Mix (4H, 4R, 4G)",13,265627.549770667,6.14972996711731,5.539732296712474
7,75% Hilbert + 25% Greedy NN,14,267352.0194955565,5.919801712036133,6.224902465528759
8,"Balanced Mix (4H, 4R, 4G)",14,265992.44565499085,5.509887933731079,5.684713545761988
7,75% Hilbert + 25% Greedy NN,15,266574.48860788974,6.198257684707642,5.915972153866345
8,"Balanced Mix (4H, 4R, 4G)",15,266910.23847508716,4.558139324188232,6.049373042190109
7,75% Hilbert + 25% Greedy NN,16,267065.33731359476,5.297499656677246,6.110997259669659
8,"Balanced Mix (4H, 4R, 4G)",16,266226.5259795147,5.275766134262085,5.777718863950954
7,75% Hilbert + 25% Greedy NN,17,266884.75758516777,5.248616695404053,6.039248918005358
8,"Balanced Mix (4H, 4R, 4G)",17,266871.07398283144,5.292363882064819,6.033812118514192
7,75% Hilbert + 25% Greedy NN,18,266189.67315200565,5.107370138168335,5.763076416083468
8,"Balanced Mix (4H, 4R, 4G)",18,266757.73433699604,5.039147853851318,5.988779756884544
7,75% Hilbert + 25% Greedy NN,19,267604.8956023703,5.54221773147583,6.325375765984265
8,"Balanced Mix (4H, 4R, 4G)",19,267214.9756823743,6.045867204666138,6.170451911101504
7,75% Hilbert + 25% Greedy NN,20,267468.09703303967,4.869062185287476,6.271022652392699
8,"Balanced Mix (4H, 4R, 4G)",20,266925.67256183433,5.628950595855713,6.055505348063317
7,75% Hilbert + 25% Greedy NN,21,266358.39058375516,6.019717216491699,5.830111603495336
8,"Balanced Mix (4H, 4R, 4G)",21,266069.73483628535,6.080862522125244,5.715422256173608
7,75% Hilbert + 25% Greedy NN,22,267127.8025164892,5.990503311157227,6.135816073821387
8,"Balanced Mix (4H, 4R, 4G)",22,266455.14603066415,6.225388288497925,5.868554694107897
7,75% Hilbert + 25% Greedy NN,23,266972.4671557395,6.1850786209106445,6.074097880795515
8,"Balanced Mix (4H, 4R, 4G)",23,266485.28088587325,5.2016801834106445,5.880527942192715
7,75% Hilbert + 25% Greedy NN,24,267103.9975646284,6.422199487686157,6.126357837095209
8,"Balanced Mix (4H, 4R, 4G)",24,266156.3228510944,5.311167001724243,5.749825599919167
7,75% Hilbert + 25% Greedy NN,25,267198.76345803693,5.665863513946533,6.164010433860234
8,"Balanced Mix (4H, 4R, 4G)",25,265725.352726148,5.454505443572998,5.578591585774184
7,75% Hilbert + 25% Greedy NN,26,267306.95363222976,6.028226375579834,6.206996795897246
8,"Balanced Mix (4H, 4R, 4G)",26,265730.9100914531,5.557076692581177,5.58079965058933
7,75% Hilbert + 25% Greedy NN,27,267148.52469884785,5.998429536819458,6.144049457672662
8,"Balanced Mix (4H, 4R, 4G)",27,267724.10396208067,6.043318510055542,6.372739898139312
7,75% Hilbert + 25% Greedy NN,28,266539.4693029504,6.359414100646973,5.902058205287974
8,"Balanced Mix (4H, 4R, 4G)",28,266922.80612925295,4.429969072341919,6.054366450657733
7,75% Hilbert + 25% Greedy NN,29,266619.5965278301,5.286090135574341,5.933894533525685
8,"Balanced Mix (4H, 4R, 4G)",29,266630.1670363216,5.192276239395142,5.938094431606267
7,75% Hilbert + 25% Greedy NN,30,266756.2075185714,5.124291658401489,5.988173117972484
8,"Balanced Mix (4H, 4R, 4G)",30,266510.7790931164,4.962357997894287,5.890658946935301
7,75% Hilbert + 25% Greedy NN,31,266600.7974843915,5.523693799972534,5.926425255532264
8,"Balanced Mix (4H, 4R, 4G)",31,266411.85440888896,5.522441864013672,5.851353970098705
7,75% Hilbert + 25% Greedy NN,32,267592.91133061564,5.4763500690460205,6.32061414832128
8,"Balanced Mix (4H, 4R, 4G)",32,266906.25091042696,5.476995229721069,6.047788694078959
7,75% Hilbert + 25% Greedy NN,33,266516.3543342767,5.489513635635376,5.892874114225211
8,"Balanced Mix (4H, 4R, 4G)",33,267438.21257253457,5.931370496749878,6.2591488916918125
7,75% Hilbert + 25% Greedy NN,34,266800.2727709512,5.471426725387573,6.005681222624171
8,"Balanced Mix (4H, 4R, 4G)",34,266659.3003201344,5.381514072418213,5.9496697331033355
7,75% Hilbert + 25% Greedy NN,35,265890.60201497725,5.400014162063599,5.644248802882568
8,"Balanced Mix (4H, 4R, 4G)",35,266629.60512576834,5.776916980743408,5.937871172048226
7,75% Hilbert + 25% Greedy NN,36,266572.762924067,4.8544862270355225,5.915286501309458
8,"Balanced Mix (4H, 4R, 4G)",36,265780.08741692966,7.79682731628418,5.600338895559753
7,75% Hilbert + 25% Greedy NN,37,267135.0119277142,8.355260610580444,6.138680533217111
8,"Balanced Mix (4H, 4R, 4G)",37,266722.47485171416,5.862603425979614,5.974770379315131
7,75% Hilbert + 25% Greedy NN,38,267211.03574889805,5.352998733520508,6.16888648791889
8,"Balanced Mix (4H, 4R, 4G)",38,266417.9032975972,5.388479709625244,5.853757328091924
7,75% Hilbert + 25% Greedy NN,39,266139.00219696073,5.409327507019043,5.742943718871629
8,"Balanced Mix (4H, 4R, 4G)",39,265680.6564143974,5.55228328704834,5.560832747201605
7,75% Hilbert + 25% Greedy NN,40,265731.3858585652,5.395991802215576,5.5809886834426115
8,"Balanced Mix (4H, 4R, 4G)",40,266440.8755561888,5.787882328033447,5.862884717265593
7,75% Hilbert + 25% Greedy NN,41,266252.733035689,4.838415622711182,5.788131510136574
8,"Balanced Mix (4H, 4R, 4G)",41,267120.24555707624,5.6905553340911865,6.13281352580215
7,75% Hilbert + 25% Greedy NN,42,265990.33173867175,5.229654312133789,5.6838736398011624
8,"Balanced Mix (4H, 4R, 4G)",42,265969.7759073579,5.066809415817261,5.675706350919141
7,75% Hilbert + 25% Greedy NN,43,266784.2629666465,4.996958017349243,5.9993201713631095
8,"Balanced Mix (4H, 4R, 4G)",43,266329.6196532675,5.457825422286987,5.818680273032006
7,75% Hilbert + 25% Greedy NN,44,266890.4294556143,5.989486932754517,6.0415024782594084
8,"Balanced Mix (4H, 4R, 4G)",44,266348.18025202013,5.354655027389526,5.826054811649373
7,75% Hilbert + 25% Greedy NN,45,266154.92974524,5.5839173793792725,5.749272087984658
8,"Balanced Mix (4H, 4R, 4G)",45,266792.9462279449,5.426344633102417,6.002770224167064
7,75% Hilbert + 25% Greedy NN,46,266779.36750361,5.648512840270996,5.997375095038038
8,"Balanced Mix (4H, 4R, 4G)",46,266187.13803483266,4.733778953552246,5.762069157657113
7,75% Hilbert + 25% Greedy NN,47,266179.8137386985,5.551763534545898,5.759159051932272
8,"Balanced Mix (4H, 4R, 4G)",47,266740.75797619915,5.339924573898315,5.98203467123577
7,75% Hilbert + 25% Greedy NN,48,266248.70962730364,5.588208913803101,5.786532920516363
8,"Balanced Mix (4H, 4R, 4G)",48,266384.29179409385,5.2482030391693115,5.840402730329397
7,75% Hilbert + 25% Greedy NN,49,266904.95188185945,5.184964179992676,6.047272561142525
8,"Balanced Mix (4H, 4R, 4G)",49,266426.0997968646,5.148077726364136,5.857013979516812
7,75% Hilbert + 25% Greedy NN,50,266600.5389658238,5.039444446563721,5.926322540356654
8,"Balanced Mix (4H, 4R, 4G)",50,266879.98193605186,5.017754793167114,6.037351446415262
9,100% Continuation (No Resets),2,267348.02184840443,24.447444677352905,6.223314111419365
10,100% Best (Exploitation),2,265826.61115222616,24.248289108276367,5.618823810143625
9,100% Continuation (No Resets),3,266834.3847112231,25.08894371986389,6.01923465504306
10,100% Best (Exploitation),3,265196.22867982055,24.382109880447388,5.368358836010967
9,100% Continuation (No Resets),4,266417.57866624556,23.90101909637451,5.85362834483707
10,100% Best (Exploitation),4,265473.70861889166,23.722030878067017,5.4786077861389115
9,100% Continuation (No Resets),5,267060.8359785349,24.389387845993042,6.109208779153952
10,100% Best (Exploitation),5,265496.27698984277,24.615856647491455,5.487574701771769
9,100% Continuation (No Resets),6,267517.67260022153,24.30915331840515,6.290720127648375
10,100% Best (Exploitation),6,264802.95465902827,24.997782468795776,5.2121023222965635
9,100% Continuation (No Resets),7,266470.78278726205,25.14673662185669,5.87476752521956
10,100% Best (Exploitation),7,265531.5348515522,24.941389322280884,5.501583434259727
9,100% Continuation (No Resets),8,266944.2390748207,25.50999665260315,6.062882236537259
10,100% Best (Exploitation),8,266040.5300679505,25.713213205337524,5.703818552286299
9,100% Continuation (No Resets),9,266808.36419454595,24.487983226776123,6.008896125147745
10,100% Best (Exploitation),9,265534.6630198737,25.358804941177368,5.502826325095089
9,100% Continuation (No Resets),10,267073.70566331665,24.32870316505432,6.114322191101551
10,100% Best (Exploitation),10,265864.598056659,24.099127292633057,5.633916851991438
9,100% Continuation (No Resets),11,266536.4602828321,23.851054430007935,5.900862654683214
10,100% Best (Exploitation),11,265006.5671365453,25.123465538024902,5.2930020873547035
9,100% Continuation (No Resets),12,266860.23477005697,25.789456605911255,6.029505458246787
10,100% Best (Exploitation),12,266373.5590403539,24.032750368118286,5.836138368603749
9,100% Continuation (No Resets),13,266781.30888424115,24.628580570220947,5.998146448733377
10,100% Best (Exploitation),13,265697.995263048,24.943462371826172,5.567721857335317
9,100% Continuation (No Resets),14,266620.58803807874,23.88472867012024,5.934288482595718
10,100% Best (Exploitation),14,266564.5838394746,24.33046817779541,5.9120367691221976
9,100% Continuation (No Resets),15,266137.33343750413,24.228686571121216,5.742280683631229
10,100% Best (Exploitation),15,266507.20439022756,24.029882431030273,5.889238637986738
9,100% Continuation (No Resets),16,267975.7791157183,25.04317545890808,6.472736033192272
10,100% Best (Exploitation),16,266281.2004128115,24.403488636016846,5.799442232097807
9,100% Continuation (No Resets),17,266916.29936508206,23.763665199279785,6.051781168561399
10,100% Best (Exploitation),17,266261.5161045419,23.725340366363525,5.791621218701382
9,100% Continuation (No Resets),18,265710.0743422149,25.73052668571472,5.5725211440914135
10,100% Best (Exploitation),18,265768.5036823108,27.22819447517395,5.595736420207609
9,100% Continuation (No Resets),19,266866.1733212512,24.958734273910522,6.031864976692103
10,100% Best (Exploitation),19,264734.5279744591,24.477566719055176,5.1849148789096855
9,100% Continuation (No Resets),20,267025.60783390666,25.71215033531189,6.095211853923188
10,100% Best (Exploitation),20,264613.8507845868,23.66422700881958,5.136967147868843
9,100% Continuation (No Resets),21,266796.92025784287,23.611576557159424,6.00434919461621
10,100% Best (Exploitation),21,265177.4101159367,24.05957818031311,5.360881802110606
9,100% Continuation (No Resets),22,266931.6604695983,24.511853218078613,6.057884476971331
10,100% Best (Exploitation),22,265865.6304661316,23.97823166847229,5.634327051232657
9,100% Continuation (No Resets),23,266991.07262252126,23.684734344482422,6.081490246478571
10,100% Best (Exploitation),23,265143.4006281964,25.002227306365967,5.347369076360753
9,100% Continuation (No Resets),24,266191.0473990043,25.319565057754517,5.763622434975235
10,100% Best (Exploitation),24,264543.63093659305,24.361944675445557,5.109067240778731
9,100% Continuation (No Resets),25,265817.9021276882,23.853811264038086,5.615363521031691
10,100% Best (Exploitation),25,266656.55266358575,24.42037296295166,5.948578028056795
9,100% Continuation (No Resets),26,265369.7267548552,24.254773378372192,5.437293479307437
10,100% Best (Exploitation),26,265383.45490990515,23.057515382766724,5.442747980582441
9,100% Continuation (No Resets),27,266489.31427383266,25.540530920028687,5.882130496919635
10,100% Best (Exploitation),27,264625.6321195847,25.641695261001587,5.141648134245647
9,100% Continuation (No Resets),28,266774.21748301305,23.349433660507202,5.995328877333628
10,100% Best (Exploitation),28,265068.6227719687,24.18742060661316,5.317658171242634
9,100% Continuation (No Resets),29,266786.9739948448,23.138763189315796,6.000397323151563
10,100% Best (Exploitation),29,265213.2354230145,23.55402159690857,5.375115993261725
9,100% Continuation (No Resets),30,267455.3090940534,24.58433723449707,6.265941719867452
10,100% Best (Exploitation),30,266983.42919902183,24.315671920776367,6.078453344355084
9,100% Continuation (No Resets),31,265675.54539791914,23.08862543106079,5.558802026700871
10,100% Best (Exploitation),31,266407.16497266915,23.40070605278015,5.849490752809339
9,100% Continuation (No Resets),32,266879.7256218229,25.896636962890625,6.037249607072415
10,100% Best (Exploitation),32,265286.3618308565,25.923736572265625,5.404170741212844
9,100% Continuation (No Resets),33,266701.6627180055,24.08821725845337,5.966501255792256
10,100% Best (Exploitation),33,265223.2950112717,24.42521071434021,5.379112891371873
9,100% Continuation (No Resets),34,267185.28142850345,25.867167234420776,6.1586537237260375
10,100% Best (Exploitation),34,265569.0122589823,26.808033227920532,5.516474041618635
9,100% Continuation (No Resets),35,266637.280999168,24.920666456222534,5.940920967238683
10,100% Best (Exploitation),35,266049.27297752176,25.18983221054077,5.707292304675482
9,100% Continuation (No Resets),36,267253.9903892351,28.117841720581055,6.185953321709237
10,100% Best (Exploitation),36,265264.8775714526,27.097577571868896,5.395634567205154
9,100% Continuation (No Resets),37,266234.6010327734,27.87252640724182,5.780927262175983
10,100% Best (Exploitation),37,265100.29227585555,27.79835844039917,5.330241169373173
9,100% Continuation (No Resets),38,266549.80620769976,25.69623827934265,5.906165287407128
10,100% Best (Exploitation),38,265381.95843114174,25.425600051879883,5.4421533962924595
9,100% Continuation (No Resets),39,266702.7457628525,26.43860411643982,5.966931573593692
10,100% Best (Exploitation),39,265098.193308225,25.254845142364502,5.329407202858727
9,100% Continuation (No Resets),40,265933.35581241676,24.727604150772095,5.661235837323586
10,100% Best (Exploitation),40,265960.82721407653,24.880074977874756,5.672150836085921
9,100% Continuation (No Resets),41,265316.44786628115,25.372697353363037,5.416124592111715
10,100% Best (Exploitation),41,265995.84888005944,25.36876893043518,5.686065722759426
9,100% Continuation (No Resets),42,266938.6740936015,25.250391483306885,6.060671145750107
10,100% Best (Exploitation),42,265208.7318853295,25.18704056739807,5.373326637594067
9,100% Continuation (No Resets),43,266823.9018946627,25.051538228988647,6.015069598916711
10,100% Best (Exploitation),43,265167.45079465053,25.28433585166931,5.356924742297697
9,100% Continuation (No Resets),44,266667.6057561006,25.738035678863525,5.952969667501118
10,100% Best (Exploitation),44,266991.2537244373,25.49935221672058,6.081562202297008
9,100% Continuation (No Resets),45,267318.0701664676,25.485952615737915,6.211413642148833
10,100% Best (Exploitation),45,264754.1433348929,24.724111557006836,5.192708497797782
9,100% Continuation (No Resets),46,266781.2562030231,25.397583961486816,5.998125517313957
10,100% Best (Exploitation),46,265597.92621976073,25.387990713119507,5.5279622011970675
9,100% Continuation (No Resets),47,266839.72736565163,25.00447916984558,6.021357410452399
10,100% Best (Exploitation),47,264882.3777110662,24.900566339492798,5.2436588670055295
9,100% Continuation (No Resets),48,266547.6523575615,25.396480798721313,5.905309514851931
10,100% Best (Exploitation),48,265882.5980665467,25.324896335601807,5.641068656186943
9,100% Continuation (No Resets),49,266740.3641158937,24.62877321243286,5.981878181778133
10,100% Best (Exploitation),49,265397.4440061361,25.178765773773193,5.448306159591199
9,100% Continuation (No Resets),50,266769.69051967154,25.589859008789062,5.993530214131737
10,100% Best (Exploitation),50,265439.5848031037,24.56490683555603,5.4650496353134015
11,50% Best + 50% fresh Hilbert,2,265110.90605460515,24.287500858306885,5.334458259689501
12,75% Best + 25% fresh Hilbert,2,265135.34312861226,24.664964199066162,5.344167652600951
11,50% Best + 50% fresh Hilbert,3,265950.17364230694,25.92788815498352,5.66791793511785
12,75% Best + 25% fresh Hilbert,3,265377.1463933557,26.41339874267578,5.440241466674545
11,50% Best + 50% fresh Hilbert,4,266185.3288605298,24.989590167999268,5.761350332475912
12,75% Best + 25% fresh Hilbert,4,265510.5500224711,25.065812349319458,5.49324569502514
11,50% Best + 50% fresh Hilbert,5,266501.8967212008,26.720685243606567,5.8871297830555
12,75% Best + 25% fresh Hilbert,5,265385.8291996806,26.005141019821167,5.443691338707413
11,50% Best + 50% fresh Hilbert,6,266257.4535976603,25.624930381774902,5.790007094379157
12,75% Best + 25% fresh Hilbert,6,265632.3477368967,24.436674118041992,5.541638635388169
11,50% Best + 50% fresh Hilbert,7,265169.7711560052,24.729246377944946,5.357846673461886
12,75% Best + 25% fresh Hilbert,7,266622.51733534405,24.919333457946777,5.935055035301118
11,50% Best + 50% fresh Hilbert,8,266365.8562967019,25.171521425247192,5.833077897264505
12,75% Best + 25% fresh Hilbert,8,265372.79432308127,25.68811011314392,5.438512292377307
11,50% Best + 50% fresh Hilbert,9,266079.06781154394,24.76758098602295,5.7191304547816735
12,75% Best + 25% fresh Hilbert,9,265765.12941335875,25.843852996826172,5.594395748119174
11,50% Best + 50% fresh Hilbert,10,266133.8321342767,26.024999618530273,5.7408895380003155
12,75% Best + 25% fresh Hilbert,10,265182.2096496211,24.84242296218872,5.36278876357088
11,50% Best + 50% fresh Hilbert,11,266881.38055793766,23.989761352539062,6.037907149991706
12,75% Best + 25% fresh Hilbert,11,265660.90567413106,25.183361530303955,5.552985338895611
11,50% Best + 50% fresh Hilbert,12,264257.31056652765,24.771214485168457,4.995305790831672
12,75% Best + 25% fresh Hilbert,12,265916.50129590137,24.11023259162903,5.654539163117311
11,50% Best + 50% fresh Hilbert,13,266220.2773733057,25.320775508880615,5.775236153753549
12,75% Best + 25% fresh Hilbert,13,265839.6271605811,24.099487781524658,5.623995359700662
11,50% Best + 50% fresh Hilbert,14,266144.73592760635,24.154103994369507,5.745221857558369
12,75% Best + 25% fresh Hilbert,14,265365.36491995153,24.66540002822876,5.435560425305863
11,50% Best + 50% fresh Hilbert,15,267054.3350621738,24.50892686843872,6.106625820522482
12,75% Best + 25% fresh Hilbert,15,265652.57733318146,24.446576833724976,5.549676303838602
11,50% Best + 50% fresh Hilbert,16,266266.72875543754,24.14867901802063,5.793692320816191
12,75% Best + 25% fresh Hilbert,16,265708.95829223486,24.99360990524292,5.572077712616674
11,50% Best + 50% fresh Hilbert,17,265813.23202633706,24.720475673675537,5.6135079859156
12,75% Best + 25% fresh Hilbert,17,266728.8065719257,25.141547679901123,5.977286112553948
11,50% Best + 50% fresh Hilbert,18,265513.7819670056,24.41862440109253,5.494529818457572
12,75% Best + 25% fresh Hilbert,18,266207.21982615686,24.03935194015503,5.770048099909997
11,50% Best + 50% fresh Hilbert,19,266266.276165014,25.24248218536377,5.793512496576647
12,75% Best + 25% fresh Hilbert,19,266006.28962588107,24.388965129852295,5.690214063245724
11,50% Best + 50% fresh Hilbert,20,265177.1385135817,23.946167945861816,5.360773888455328
12,75% Best + 25% fresh Hilbert,20,265406.0818320331,25.051442623138428,5.451738159899855
11,50% Best + 50% fresh Hilbert,21,265659.3022268198,25.140533208847046,5.5523482536229185
12,75% Best + 25% fresh Hilbert,21,266185.0532343688,23.94951558113098,5.76124082007301
11,50% Best + 50% fresh Hilbert,22,264922.7318912681,24.51097011566162,5.259692480157607
12,75% Best + 25% fresh Hilbert,22,265829.035069849,24.87305784225464,5.619786886515943
11,50% Best + 50% fresh Hilbert,23,265115.482166493,24.238149642944336,5.336276450701782
12,75% Best + 25% fresh Hilbert,23,266192.6852030596,24.51461100578308,5.764273170946321
11,50% Best + 50% fresh Hilbert,24,265463.525550948,23.73415446281433,5.474561826803526
12,75% Best + 25% fresh Hilbert,24,265049.7866796472,24.33492398262024,5.310174172904181
11,50% Best + 50% fresh Hilbert,25,265099.68426183745,25.119514226913452,5.329999591883339
12,75% Best + 25% fresh Hilbert,25,265298.84951482085,23.83910608291626,5.409132375741121
11,50% Best + 50% fresh Hilbert,26,266028.9377243878,24.039802312850952,5.699212656409336
12,75% Best + 25% fresh Hilbert,26,266466.40275748656,25.460423707962036,5.873027241990814
11,50% Best + 50% fresh Hilbert,27,265133.01176983054,24.13605833053589,5.343241351914418
12,75% Best + 25% fresh Hilbert,27,265293.04561545677,24.762667655944824,5.406826357462191
11,50% Best + 50% fresh Hilbert,28,266445.67435236415,24.73338222503662,5.864791385697132
12,75% Best + 25% fresh Hilbert,28,265434.5010889015,24.992121934890747,5.463029762614058
11,50% Best + 50% fresh Hilbert,29,265767.31577748735,24.48103976249695,5.595264439205749
12,75% Best + 25% fresh Hilbert,29,265536.70214736613,25.0285382270813,5.503636515791999
11,50% Best + 50% fresh Hilbert,30,265001.6421603541,24.589569568634033,5.291045284797002
12,75% Best + 25% fresh Hilbert,30,264840.66157126136,25.931445121765137,5.227084117017222
11,50% Best + 50% fresh Hilbert,31,264844.42737644224,24.846776962280273,5.228580355155965
12,75% Best + 25% fresh Hilbert,31,265202.51308309,24.325414180755615,5.37085576917653
11,50% Best + 50% fresh Hilbert,32,265988.5546937474,24.509710788726807,5.68316758033649
12,75% Best + 25% fresh Hilbert,32,266769.45319886203,24.34106755256653,5.993435921296797
11,50% Best + 50% fresh Hilbert,33,265470.0529099013,24.75488567352295,5.477155291664881
12,75% Best + 25% fresh Hilbert,33,264789.4726167292,24.096665859222412,5.206745607090313
11,50% Best + 50% fresh Hilbert,34,265361.43960789853,25.19513988494873,5.434000811539863
12,75% Best + 25% fresh Hilbert,34,264548.1998338673,24.68830442428589,5.110882565264596
11,50% Best + 50% fresh Hilbert,35,266849.6573090512,25.539083242416382,6.025302797777665
12,75% Best + 25% fresh Hilbert,35,265279.2498658155,25.55482816696167,5.401344999352942
11,50% Best + 50% fresh Hilbert,36,265099.715070821,24.03829789161682,5.33001183297761
12,75% Best + 25% fresh Hilbert,36,264890.84569613147,24.6376314163208,5.24702338577494
11,50% Best + 50% fresh Hilbert,37,265830.00705433224,25.014585256576538,5.620173077565216
12,75% Best + 25% fresh Hilbert,37,265110.40140872914,24.29134750366211,5.334257752661142
11,50% Best + 50% fresh Hilbert,38,266942.5641454166,24.695817947387695,6.062216749839511
12,75% Best + 25% fresh Hilbert,38,265134.34116148436,24.23082685470581,5.343769548780242
11,50% Best + 50% fresh Hilbert,39,265229.74495102966,24.718924045562744,5.3816755958653095
12,75% Best + 25% fresh Hilbert,39,265765.13663614425,24.328890323638916,5.59439861789246
11,50% Best + 50% fresh Hilbert,40,265972.85662144783,25.392468690872192,5.676930387133061
12,75% Best + 25% fresh Hilbert,40,264704.29973573086,24.37042212486267,5.172904527476141
11,50% Best + 50% fresh Hilbert,41,265935.2891422879,23.914295196533203,5.662003992272946
12,75% Best + 25% fresh Hilbert,41,265982.5942276068,24.37385892868042,5.680799354595623
11,50% Best + 50% fresh Hilbert,42,265645.5233067684,24.65165662765503,5.546873582283962
12,75% Best + 25% fresh Hilbert,42,264799.18493984314,24.33621048927307,5.210604529036877
11,50% Best + 50% fresh Hilbert,43,265866.34339938115,27.368172883987427,5.634610315466215
12,75% Best + 25% fresh Hilbert,43,266024.1870964406,26.448705196380615,5.697325126285957
11,50% Best + 50% fresh Hilbert,44,265949.32772060006,23.735087394714355,5.667581831612911
12,75% Best + 25% fresh Hilbert,44,266799.42606623645,23.623381853103638,6.00534480801278
11,50% Best + 50% fresh Hilbert,45,265918.1125993662,23.742507219314575,5.6551793698145225
12,75% Best + 25% fresh Hilbert,45,265762.0267971513,25.0870418548584,5.593163009706914
11,50% Best + 50% fresh Hilbert,46,265655.4261847476,25.918477535247803,5.550808215915892
12,75% Best + 25% fresh Hilbert,46,265279.4210204744,24.08560872077942,5.401413002904909
11,50% Best + 50% fresh Hilbert,47,265056.332442133,24.957777500152588,5.312774949898236
12,75% Best + 25% fresh Hilbert,47,265051.6783442362,23.890204668045044,5.3109257733104265
11,50% Best + 50% fresh Hilbert,48,265178.71155697416,23.398738384246826,5.361398893574987
12,75% Best + 25% fresh Hilbert,48,266712.7381811015,24.295053005218506,5.970901783565918
11,50% Best + 50% fresh Hilbert,49,266141.1942547259,24.30544948577881,5.743814672166603
12,75% Best + 25% fresh Hilbert,49,267022.8597875397,23.741345405578613,6.094119993993141
11,50% Best + 50% fresh Hilbert,50,267068.5898791148,24.402649879455566,6.112289576278229
12,75% Best + 25% fresh Hilbert,50,265431.9065449627,24.171440601348877,5.461998892612185
13,50% Best + 50% fresh Random,2,265382.9103904808,24.41855525970459,5.442531630906644
14,75% Best + 25% fresh Random,2,264844.36870468943,24.216095209121704,5.228557043563886
13,50% Best + 50% fresh Random,3,266194.49788195686,24.531031370162964,5.764993388580852
14,75% Best + 25% fresh Random,3,266013.8020859825,24.507779836654663,5.693198930698973
13,50% Best + 50% fresh Random,4,266021.9204810307,24.542304754257202,5.69642454958077
14,75% Best + 25% fresh Random,4,266293.805558934,24.56635332107544,5.8044505369535315
13,50% Best + 50% fresh Random,5,266178.56670592865,24.331222534179688,5.758663578082501
14,75% Best + 25% fresh Random,5,266190.9896045941,24.66737937927246,5.763599471970893
13,50% Best + 50% fresh Random,6,266392.5055781669,24.400395154953003,5.843666249391943
14,75% Best + 25% fresh Random,6,265927.87188417854,24.53947925567627,5.659056950688157
13,50% Best + 50% fresh Random,7,265651.69158401585,23.7726469039917,5.5493243759986655
14,75% Best + 25% fresh Random,7,265925.65076940134,24.1065092086792,5.658174452396136
13,50% Best + 50% fresh Random,8,267179.95694273786,24.439115524291992,6.156538187130511
14,75% Best + 25% fresh Random,8,265421.29015851126,23.869691371917725,5.457780766197917
13,50% Best + 50% fresh Random,9,266724.7389889539,24.389381647109985,5.975669971388209
14,75% Best + 25% fresh Random,9,266512.0044746689,24.483378648757935,5.891145818274968
13,50% Best + 50% fresh Random,10,265462.1717900805,24.120219707489014,5.474023947507223
14,75% Best + 25% fresh Random,10,265549.67488671874,24.495633125305176,5.508790873612224
13,50% Best + 50% fresh Random,11,265841.2286476579,24.436275243759155,5.62463166612861
14,75% Best + 25% fresh Random,11,265168.9021160801,23.988035678863525,5.357501384574759
13,50% Best + 50% fresh Random,12,265748.12627750135,25.64261555671692,5.587640024143448
14,75% Best + 25% fresh Random,12,266492.0787133651,25.293481826782227,5.883228870218837
13,50% Best + 50% fresh Random,13,266247.96343108895,23.353015422821045,5.78623644016707
14,75% Best + 25% fresh Random,13,265286.0343024506,24.71600914001465,5.404040606893923
13,50% Best + 50% fresh Random,14,265472.04652716947,24.6568021774292,5.477947400137673
14,75% Best + 25% fresh Random,14,267817.91243354033,24.163611888885498,6.410012089873818
13,50% Best + 50% fresh Random,15,267151.16448297154,23.825453281402588,6.145098302606011
14,75% Best + 25% fresh Random,15,265309.7867304856,24.348021268844604,5.413477974736147
13,50% Best + 50% fresh Random,16,266531.8509882193,24.05757188796997,5.899031279436451
14,75% Best + 25% fresh Random,16,266622.00010759983,23.40523862838745,5.934849529216724
13,50% Best + 50% fresh Random,17,265724.5029500118,24.040037393569946,5.578253950818768
14,75% Best + 25% fresh Random,17,264712.2369773449,24.25834321975708,5.17605817007023
13,50% Best + 50% fresh Random,18,265640.7966774085,24.68004035949707,5.54499558733299
14,75% Best + 25% fresh Random,18,265598.7900638298,24.098652362823486,5.528305425655056
13,50% Best + 50% fresh Random,19,266243.9923992645,24.601003646850586,5.784658660919173
14,75% Best + 25% fresh Random,19,265370.55785278644,23.501582622528076,5.437623692996674
13,50% Best + 50% fresh Random,20,265975.80807998613,24.286856412887573,5.678103067242035
14,75% Best + 25% fresh Random,20,265498.25706322625,24.03061294555664,5.488361428958011
13,50% Best + 50% fresh Random,21,266942.9295435345,24.704333782196045,6.062361930637139
14,75% Best + 25% fresh Random,21,266049.6289459628,25.472492694854736,5.707433738852785
13,50% Best + 50% fresh Random,22,265407.4370121807,23.888790607452393,5.452276603107675
14,75% Best + 25% fresh Random,22,266019.67896609707,24.89377498626709,5.69553394585296
13,50% Best + 50% fresh Random,23,267590.41380589805,24.695194482803345,6.319621826213417
14,75% Best + 25% fresh Random,23,264882.6901877339,24.070960760116577,5.243783020934156
13,50% Best + 50% fresh Random,24,266224.57226011256,24.948175191879272,5.776942607787516
14,75% Best + 25% fresh Random,24,264922.0503659022,24.04542112350464,5.25942169497462
13,50% Best + 50% fresh Random,25,266403.9954779203,24.48889994621277,5.84823144206541
14,75% Best + 25% fresh Random,25,266013.6345930615,24.155210256576538,5.693132382036925
13,50% Best + 50% fresh Random,26,265697.3525658901,23.723955869674683,5.567466499462803
14,75% Best + 25% fresh Random,26,265166.1682267281,24.475027322769165,5.356415149541571
13,50% Best + 50% fresh Random,27,264826.4842211961,25.14890480041504,5.221451140573863
14,75% Best + 25% fresh Random,27,265662.93995607435,24.093858242034912,5.553793604348112
13,50% Best + 50% fresh Random,28,266773.5812752058,25.343940496444702,5.995076097824414
14,75% Best + 25% fresh Random,28,265709.1217468772,25.477657079696655,5.572142656780832
13,50% Best + 50% fresh Random,29,265863.033193761,23.50999093055725,5.633295097164148
14,75% Best + 25% fresh Random,29,265610.0376427758,25.02602791786194,5.532774338883262
13,50% Best + 50% fresh Random,30,266109.0372160091,24.375886917114258,5.731037965606789
14,75% Best + 25% fresh Random,30,265979.63948072307,24.598341941833496,5.679625367953878
13,50% Best + 50% fresh Random,31,265857.02194262506,24.264893770217896,5.630906693415327
14,75% Best + 25% fresh Random,31,265875.39993729914,24.72325325012207,5.638208679371726
13,50% Best + 50% fresh Random,32,265789.91769710294,24.1655113697052,5.604244684469006
14,75% Best + 25% fresh Random,32,265035.8852032237,24.69452714920044,5.304650807193312
13,50% Best + 50% fresh Random,33,265810.99147147324,23.77702283859253,5.612617763644878
14,75% Best + 25% fresh Random,33,264914.42551401415,24.128042459487915,5.256392171765301
13,50% Best + 50% fresh Random,34,265805.92814673006,24.888522624969482,5.6106059921310125
14,75% Best + 25% fresh Random,34,265933.6557112682,24.009377479553223,5.661354993806111
13,50% Best + 50% fresh Random,35,267249.72516005964,23.89789652824402,6.184258651311714
14,75% Best + 25% fresh Random,35,265945.8426299946,25.015599250793457,5.666197127617245
13,50% Best + 50% fresh Random,36,266330.94021556934,25.151800632476807,5.819204961799929
14,75% Best + 25% fresh Random,36,265635.6866322252,23.890997886657715,5.542965252749332
13,50% Best + 50% fresh Random,37,266111.79968447133,24.86636757850647,5.732135555755979
14,75% Best + 25% fresh Random,37,266045.28347596707,25.65622115135193,5.705707186993059
13,50% Best + 50% fresh Random,38,265037.6458983685,24.296335458755493,5.3053503705269955
14,75% Best + 25% fresh Random,38,264709.1150801627,24.507554292678833,5.174817770897966
13,50% Best + 50% fresh Random,39,265816.3180767246,24.146840810775757,5.614734142359223
14,75% Best + 25% fresh Random,39,266434.3024647293,23.950133323669434,5.860273081862588
13,50% Best + 50% fresh Random,40,265582.897214461,24.767733812332153,5.5219908431907605
14,75% Best + 25% fresh Random,40,266233.2109427081,25.450926542282104,5.780374948481537
13,50% Best + 50% fresh Random,41,265528.66145664087,23.495991706848145,5.500441770565612
14,75% Best + 25% fresh Random,41,266723.9786813371,24.223230600357056,5.97536788426507
13,50% Best + 50% fresh Random,42,266829.38254017616,24.41871213912964,6.017247181252605
14,75% Best + 25% fresh Random,42,264968.2474393827,24.159691095352173,5.277776819555013
13,50% Best + 50% fresh Random,43,267106.01246416185,24.921737670898438,6.127158401485278
14,75% Best + 25% fresh Random,43,265713.95866215567,24.006991386413574,5.574064470779683
13,50% Best + 50% fresh Random,44,264775.83489186276,24.83593463897705,5.201327035738101
14,75% Best + 25% fresh Random,44,266115.8394689402,25.077558040618896,5.733740651958352
13,50% Best + 50% fresh Random,45,266123.6809535875,24.452412605285645,5.736856248180211
14,75% Best + 25% fresh Random,45,264856.77242653264,24.49273443222046,5.233485318074371
13,50% Best + 50% fresh Random,46,266125.8790978382,23.750842094421387,5.737729619771237
14,75% Best + 25% fresh Random,46,266382.55255792994,24.96798348426819,5.839711693125982
13,50% Best + 50% fresh Random,47,265940.7467448976,24.376853227615356,5.664172419150759
14,75% Best + 25% fresh Random,47,266186.46474046446,23.930357694625854,5.761801642832554
13,50% Best + 50% fresh Random,48,265177.2100880879,24.83734130859375,5.360802326598235
14,75% Best + 25% fresh Random,48,266190.9692742654,25.17369842529297,5.763591394279199
13,50% Best + 50% fresh Random,49,265645.3120927299,24.330681562423706,5.546789662249707
14,75% Best + 25% fresh Random,49,266168.78694104473,24.073415279388428,5.75477786002101
13,50% Best + 50% fresh Random,50,265502.50704365084,24.915851593017578,5.490050040687722
14,75% Best + 25% fresh Random,50,265427.02311216376,24.028011083602905,5.460058596168027
15,50% Best + 25% Hilbert + 25% Random,2,266463.5835350347,24.508150339126587,5.871907102219498
16,50% Best + 25% Hilbert + 25% Greedy NN,2,266759.36738381867,24.317147970199585,5.989428602701308
15,50% Best + 25% Hilbert + 25% Random,3,265045.58107058855,24.561857223510742,5.308503190904834
16,50% Best + 25% Hilbert + 25% Greedy NN,3,265419.4152013449,24.104654550552368,5.457035804022192
15,50% Best + 25% Hilbert + 25% Random,4,265688.17263222166,24.395597457885742,5.563819107681689
16,50% Best + 25% Hilbert + 25% Greedy NN,4,265952.38623576215,24.404345750808716,5.668797047699159
15,50% Best + 25% Hilbert + 25% Random,5,265721.09723835264,23.676457166671753,5.576900785843608
16,50% Best + 25% Hilbert + 25% Greedy NN,5,265309.57695476443,23.989677667617798,5.413394626177315
15,50% Best + 25% Hilbert + 25% Random,6,266695.7211759503,24.67735743522644,5.964140549011376
16,50% Best + 25% Hilbert + 25% Greedy NN,6,266043.3055653025,24.74885654449463,5.704921319103118
15,50% Best + 25% Hilbert + 25% Random,7,266270.3524670141,23.670203924179077,5.795132102006217
16,50% Best + 25% Hilbert + 25% Greedy NN,7,265261.2896614984,24.40066146850586,5.394209010795814
15,50% Best + 25% Hilbert + 25% Random,8,266877.81549657934,24.77988076210022,6.036490671837602
16,50% Best + 25% Hilbert + 25% Greedy NN,8,265723.70862095844,23.84881067276001,5.577938346222333
15,50% Best + 25% Hilbert + 25% Random,9,266796.61457868066,24.235002756118774,6.004227741487678
16,50% Best + 25% Hilbert + 25% Greedy NN,9,265607.01051746483,24.619601249694824,5.531571594682894
15,50% Best + 25% Hilbert + 25% Random,10,265927.44614114164,24.709277868270874,5.658887793512335
16,50% Best + 25% Hilbert + 25% Greedy NN,10,265690.80308688775,24.477941751480103,5.564864245814083
15,50% Best + 25% Hilbert + 25% Random,11,266644.1333612958,24.290285110473633,5.943643563088363
16,50% Best + 25% Hilbert + 25% Greedy NN,11,265572.6515724474,24.069709539413452,5.517920021785905
15,50% Best + 25% Hilbert + 25% Random,12,266478.86234085175,24.256988525390625,5.877977711526183
16,50% Best + 25% Hilbert + 25% Greedy NN,12,266741.3842397503,24.045344591140747,5.982283499670871
15,50% Best + 25% Hilbert + 25% Random,13,264644.5741178942,25.559391021728516,5.149174211388163
16,50% Best + 25% Hilbert + 25% Greedy NN,13,265377.5076257648,25.512204885482788,5.440384992343428
15,50% Best + 25% Hilbert + 25% Random,14,265448.79882587784,23.235942840576172,5.468710571454238
16,50% Best + 25% Hilbert + 25% Greedy NN,14,265452.66643922654,24.483290433883667,5.470247260241989
15,50% Best + 25% Hilbert + 25% Random,15,265705.5528356104,24.21572732925415,5.57072464897248
16,50% Best + 25% Hilbert + 25% Greedy NN,15,265459.48373257165,23.821186780929565,5.47295592248449
15,50% Best + 25% Hilbert + 25% Random,16,265927.52093438414,24.63145637512207,5.658917510530759
16,50% Best + 25% Hilbert + 25% Greedy NN,16,264376.17949303915,25.174118995666504,5.0425350586288165
15,50% Best + 25% Hilbert + 25% Random,17,265788.88118108734,24.088905096054077,5.603832853606949
16,50% Best + 25% Hilbert + 25% Greedy NN,17,265359.0876992,24.292123556137085,5.433066345914428
15,50% Best + 25% Hilbert + 25% Random,18,265475.4259263872,24.256513595581055,5.479290110594737
16,50% Best + 25% Hilbert + 25% Greedy NN,18,265430.51800114074,24.314085483551025,5.461447193274593
15,50% Best + 25% Hilbert + 25% Random,19,265737.1195837966,24.15047836303711,5.583266819978161
16,50% Best + 25% Hilbert + 25% Greedy NN,19,266350.2152236052,23.928240537643433,5.826863351111888
15,50% Best + 25% Hilbert + 25% Random,20,265572.51892417413,24.165910482406616,5.51786731767725
16,50% Best + 25% Hilbert + 25% Greedy NN,20,266195.9445612974,24.909146070480347,5.76556818645273
15,50% Best + 25% Hilbert + 25% Random,21,266205.05277893774,24.418368816375732,5.769187083861116
16,50% Best + 25% Hilbert + 25% Greedy NN,21,265573.7471667833,25.172374486923218,5.518355325778357
15,50% Best + 25% Hilbert + 25% Random,22,266538.1771503482,23.663222074508667,5.9015448043254315
16,50% Best + 25% Hilbert + 25% Greedy NN,22,265341.6994365989,24.069822788238525,5.426157602519366
15,50% Best + 25% Hilbert + 25% Random,23,265868.7575396063,24.790753602981567,5.635569507061033
16,50% Best + 25% Hilbert + 25% Greedy NN,23,265504.9686037926,23.576245069503784,5.491028073269866
15,50% Best + 25% Hilbert + 25% Random,24,265324.038384876,24.29411745071411,5.419140473940165
16,50% Best + 25% Hilbert + 25% Greedy NN,24,266999.2764934157,24.05239772796631,6.084749826814817
15,50% Best + 25% Hilbert + 25% Random,25,266244.5440805993,24.16875457763672,5.78487785618127
16,50% Best + 25% Hilbert + 25% Greedy NN,25,265789.28675703565,24.29506778717041,5.603993997950019
15,50% Best + 25% Hilbert + 25% Random,26,265354.00603519514,24.33876609802246,5.4310472878040805
16,50% Best + 25% Hilbert + 25% Greedy NN,26,265575.6452736276,24.377089262008667,5.519109485835894
15,50% Best + 25% Hilbert + 25% Random,27,264908.37962682307,23.732045888900757,5.253990006341591
16,50% Best + 25% Hilbert + 25% Greedy NN,27,265842.445680775,24.346212148666382,5.625115220449262
15,50% Best + 25% Hilbert + 25% Random,28,266256.3099774032,24.582802295684814,5.789552708620271
16,50% Best + 25% Hilbert + 25% Greedy NN,28,265684.1625998984,24.355536222457886,5.562225832668366
15,50% Best + 25% Hilbert + 25% Random,29,266040.6704566226,24.54495143890381,5.703874331827552
16,50% Best + 25% Hilbert + 25% Greedy NN,29,265993.32037042326,24.222538232803345,5.685061089654364
15,50% Best + 25% Hilbert + 25% Random,30,265553.8006149458,24.480741262435913,5.5104301171808645
16,50% Best + 25% Hilbert + 25% Greedy NN,30,265979.52310666477,24.040947675704956,5.679579129952694
15,50% Best + 25% Hilbert + 25% Random,31,266701.04657046974,24.538127899169922,5.966256446674989
16,50% Best + 25% Hilbert + 25% Greedy NN,31,266483.298358768,24.269327640533447,5.879740240088238
15,50% Best + 25% Hilbert + 25% Random,32,265213.38604790927,24.817711114883423,5.375175839881852
16,50% Best + 25% Hilbert + 25% Greedy NN,32,265994.2066302939,23.475873470306396,5.685413220408786
15,50% Best + 25% Hilbert + 25% Random,33,265383.6733597182,23.9991455078125,5.442834775550831
16,50% Best + 25% Hilbert + 25% Greedy NN,33,266654.8241836737,23.752633094787598,5.947891264551464
15,50% Best + 25% Hilbert + 25% Random,34,266024.53413159924,24.10455322265625,5.697463011071524
16,50% Best + 25% Hilbert + 25% Greedy NN,34,265231.2166940019,24.484350442886353,5.38226035207543
15,50% Best + 25% Hilbert + 25% Random,35,265243.2388431567,24.975694179534912,5.387037019271745
16,50% Best + 25% Hilbert + 25% Greedy NN,35,265992.89303042175,23.436291933059692,5.684891297968986
15,50% Best + 25% Hilbert + 25% Random,36,265045.55145631504,24.032860279083252,5.308491424495432
16,50% Best + 25% Hilbert + 25% Greedy NN,36,267131.6923189673,24.50252890586853,6.137361578843659
15,50% Best + 25% Hilbert + 25% Random,37,266345.897912964,24.481926441192627,5.825147987589885
16,50% Best + 25% Hilbert + 25% Greedy NN,37,264463.82971973764,23.25365972518921,5.077360442778511
15,50% Best + 25% Hilbert + 25% Random,38,265966.562719086,24.36063838005066,5.674429679766879
16,50% Best + 25% Hilbert + 25% Greedy NN,38,265716.3952976832,24.47331666946411,5.575032600258356
15,50% Best + 25% Hilbert + 25% Random,39,266776.2934337456,23.9483699798584,5.996153698722684
16,50% Best + 25% Hilbert + 25% Greedy NN,39,264939.3761963493,23.652679443359375,5.2663056326865965
15,50% Best + 25% Hilbert + 25% Random,40,266275.39353204676,23.904060125350952,5.797135029242084
16,50% Best + 25% Hilbert + 25% Greedy NN,40,266378.84790485876,24.272765636444092,5.838239752080265
15,50% Best + 25% Hilbert + 25% Random,41,265207.66073855385,25.176745176315308,5.372901047160972
16,50% Best + 25% Hilbert + 25% Greedy NN,41,265670.8760646038,24.432825565338135,5.556946796742501
15,50% Best + 25% Hilbert + 25% Random,42,265252.4194893515,24.09170389175415,5.390684694155401
16,50% Best + 25% Hilbert + 25% Greedy NN,42,266380.2510558632,23.865952730178833,5.838797255176265
15,50% Best + 25% Hilbert + 25% Random,43,265026.0011033069,25.569621086120605,5.300723634503157
16,50% Best + 25% Hilbert + 25% Greedy NN,43,265450.40055391716,25.644182443618774,5.469346973621958
15,50% Best + 25% Hilbert + 25% Random,44,265377.2402171897,24.566805601119995,5.440278744970173
16,50% Best + 25% Hilbert + 25% Greedy NN,44,265463.7196362318,24.994576930999756,5.474638941202659
15,50% Best + 25% Hilbert + 25% Random,45,266434.10780037555,24.19880247116089,5.860195737386076
16,50% Best + 25% Hilbert + 25% Greedy NN,45,266033.39579276275,24.88549256324768,5.700983946108984
15,50% Best + 25% Hilbert + 25% Random,46,266825.07575319475,24.743096828460693,6.015535999014654
16,50% Best + 25% Hilbert + 25% Greedy NN,46,266372.8141784055,25.573734045028687,5.835842418388104
15,50% Best + 25% Hilbert + 25% Random,47,265932.5479044203,23.810065507888794,5.6609148375111
16,50% Best + 25% Hilbert + 25% Greedy NN,47,265358.20464108966,24.1572904586792,5.432715487290585
15,50% Best + 25% Hilbert + 25% Random,48,264854.2879699391,24.699504613876343,5.232498188222778
16,50% Best + 25% Hilbert + 25% Greedy NN,48,266166.27614105237,24.06763768196106,5.753780263351249
15,50% Best + 25% Hilbert + 25% Random,49,265583.78066622926,24.908886909484863,5.522341858223645
16,50% Best + 25% Hilbert + 25% Greedy NN,49,264301.31207726785,24.479215383529663,5.012788569512505
15,50% Best + 25% Hilbert + 25% Random,50,266793.09716989216,24.96985101699829,6.002830196759201
16,50% Best + 25% Hilbert + 25% Greedy NN,50,266352.0881454244,24.92040991783142,5.827607504598897
